{"cameraMode":{"drawMode":0,"name":"Shaded","section":"Shading Mode"},"sceneLighting":false,"audioPlay":false,"sceneViewState":{"m_AlwaysRefresh":false,"showFog":true,"showSkybox":false,"showFlares":true,"showImageEffects":true,"showParticleSystems":true,"showVisualEffectGraphs":true,"m_FxEnabled":true},"in2DMode":false,"pivot":{"x":0.2807062864303589,"y":1.2414419651031495,"z":-0.4280174970626831},"rotation":{"x":0.1704898178577423,"y":0.24601992964744569,"z":-0.044006358832120898,"w":0.9531400799751282},"size":1.0368151664733887,"orthographic":false}